drop table T_CUT;
create table T_CUT
(
CUT_ID int not null auto_increment primary key,
BRANCH_ID int not null,
NODE_ID int not null,
PROJECT_ID int not null
)

drop table  T_NODE;
create table T_NODE
(
NODE_ID int not null identity(1,1),
NODE_NAME varchar(50) not null,
PARENT_ID int not null,
GATE_ID int not null,
NODE_TYPE int not null,
PROJECT_ID int not null
);

drop table T_GATE;
create table T_GATE
(
GATE_ID int not null identity(1,1),
GATE_NAME varchar(50) not null,
GATE_TYPE int not null,
PROJECT_ID int not null
);

drop table T_NODE_TYPE_DIC;
create table T_NODE_TYPE_DIC
(
NODE_TYPE int not null,
NODE_TYPE_DESC varchar(50) not null
);

drop table T_GATE_TYPE_DIC;
create table T_GATE_TYPE_DIC
(
GATE_TYPE int not null,
GATE_TYPE_DESC varchar(50) not null
);

insert into T_NODE_TYPE_DIC (NODE_TYPE,NODE_TYPE_DESC)values(1,'ROOT');
insert into T_NODE_TYPE_DIC (NODE_TYPE,NODE_TYPE_DESC)values(2,'BRANCH');
insert into T_NODE_TYPE_DIC (NODE_TYPE,NODE_TYPE_DESC)values(3,'LEAF');


insert into T_GATE_TYPE_DIC (GATE_TYPE,GATE_TYPE_DESC)values(1,'AND');
insert into T_GATE_TYPE_DIC (GATE_TYPE,GATE_TYPE_DESC)values(2,'OR');
insert into T_GATE_TYPE_DIC (GATE_TYPE,GATE_TYPE_DESC)values(3,'XOR');






insert into T_GATE(GATE_ID,GATE_NAME,GATE_TYPE,PROJECT_ID)values(1,'G001',1,-1);
insert into T_GATE(GATE_ID,GATE_NAME,GATE_TYPE,PROJECT_ID)values(2,'G002',1,-1);
insert into T_GATE(GATE_ID,GATE_NAME,GATE_TYPE,PROJECT_ID)values(3,'G003',1,-1);
insert into T_GATE(GATE_ID,GATE_NAME,GATE_TYPE,PROJECT_ID)values(4,'G004',3,-1);
insert into T_GATE(GATE_ID,GATE_NAME,GATE_TYPE,PROJECT_ID)values(5,'G005',3,-1);
insert into T_GATE(GATE_ID,GATE_NAME,GATE_TYPE,PROJECT_ID)values(6,'G006',2,-1);
insert into T_GATE(GATE_ID,GATE_NAME,GATE_TYPE,PROJECT_ID)values(7,'G007',1,-1);
insert into T_GATE(GATE_ID,GATE_NAME,GATE_TYPE,PROJECT_ID)values(8,'G008',2,-1);
insert into T_GATE(GATE_ID,GATE_NAME,GATE_TYPE,PROJECT_ID)values(9,'G009',1,-1);
insert into T_GATE(GATE_ID,GATE_NAME,GATE_TYPE,PROJECT_ID)values(10,'G010',3,-1);
insert into T_GATE(GATE_ID,GATE_NAME,GATE_TYPE,PROJECT_ID)values(11,'G011',1,-1);
insert into T_GATE(GATE_ID,GATE_NAME,GATE_TYPE,PROJECT_ID)values(12,'G012',1,-1);
insert into T_GATE(GATE_ID,GATE_NAME,GATE_TYPE,PROJECT_ID)values(13,'G013',2,-1);

insert into T_NODE(NODE_ID,NODE_NAME,PARENT_ID,GATE_ID,NODE_TYPE,PROJECT_ID)values(1,'E001',-1,-1,1,-1);
insert into T_NODE(NODE_ID,NODE_NAME,PARENT_ID,GATE_ID,NODE_TYPE,PROJECT_ID)values(2,'E002',1,1,2,-1);
insert into T_NODE(NODE_ID,NODE_NAME,PARENT_ID,GATE_ID,NODE_TYPE,PROJECT_ID)values(3,'E003',1,1,3,-1);
insert into T_NODE(NODE_ID,NODE_NAME,PARENT_ID,GATE_ID,NODE_TYPE,PROJECT_ID)values(4,'E004',1,1,3,-1);
insert into T_NODE(NODE_ID,NODE_NAME,PARENT_ID,GATE_ID,NODE_TYPE,PROJECT_ID)values(5,'E005',1,2,3,-1);
insert into T_NODE(NODE_ID,NODE_NAME,PARENT_ID,GATE_ID,NODE_TYPE,PROJECT_ID)values(6,'E006',1,2,2,-1);
insert into T_NODE(NODE_ID,NODE_NAME,PARENT_ID,GATE_ID,NODE_TYPE,PROJECT_ID)values(7,'E007',1,2,3,-1);
insert into T_NODE(NODE_ID,NODE_NAME,PARENT_ID,GATE_ID,NODE_TYPE,PROJECT_ID)values(8,'E008',1,3,3,-1);
insert into T_NODE(NODE_ID,NODE_NAME,PARENT_ID,GATE_ID,NODE_TYPE,PROJECT_ID)values(9,'E009',1,3,3,-1);
insert into T_NODE(NODE_ID,NODE_NAME,PARENT_ID,GATE_ID,NODE_TYPE,PROJECT_ID)values(10,'E010',1,3,2,-1);
insert into T_NODE(NODE_ID,NODE_NAME,PARENT_ID,GATE_ID,NODE_TYPE,PROJECT_ID)values(11,'E011',1,4,3,-1);
insert into T_NODE(NODE_ID,NODE_NAME,PARENT_ID,GATE_ID,NODE_TYPE,PROJECT_ID)values(12,'E012',1,4,3,-1);
insert into T_NODE(NODE_ID,NODE_NAME,PARENT_ID,GATE_ID,NODE_TYPE,PROJECT_ID)values(13,'E013',1,5,3,-1);
insert into T_NODE(NODE_ID,NODE_NAME,PARENT_ID,GATE_ID,NODE_TYPE,PROJECT_ID)values(14,'E014',1,5,2,-1);
insert into T_NODE(NODE_ID,NODE_NAME,PARENT_ID,GATE_ID,NODE_TYPE,PROJECT_ID)values(15,'E015',1,6,3,-1);
insert into T_NODE(NODE_ID,NODE_NAME,PARENT_ID,GATE_ID,NODE_TYPE,PROJECT_ID)values(16,'E016',1,6,3,-1);
insert into T_NODE(NODE_ID,NODE_NAME,PARENT_ID,GATE_ID,NODE_TYPE,PROJECT_ID)values(17,'E017',1,6,3,-1);
insert into T_NODE(NODE_ID,NODE_NAME,PARENT_ID,GATE_ID,NODE_TYPE,PROJECT_ID)values(18,'E018',1,6,2,-1);
insert into T_NODE(NODE_ID,NODE_NAME,PARENT_ID,GATE_ID,NODE_TYPE,PROJECT_ID)values(19,'E019',2,7,3,-1);
insert into T_NODE(NODE_ID,NODE_NAME,PARENT_ID,GATE_ID,NODE_TYPE,PROJECT_ID)values(20,'E020',2,7,3,-1);
insert into T_NODE(NODE_ID,NODE_NAME,PARENT_ID,GATE_ID,NODE_TYPE,PROJECT_ID)values(21,'E021',2,7,3,-1);
insert into T_NODE(NODE_ID,NODE_NAME,PARENT_ID,GATE_ID,NODE_TYPE,PROJECT_ID)values(22,'E022',6,8,3,-1);
insert into T_NODE(NODE_ID,NODE_NAME,PARENT_ID,GATE_ID,NODE_TYPE,PROJECT_ID)values(23,'E023',6,8,3,-1);
insert into T_NODE(NODE_ID,NODE_NAME,PARENT_ID,GATE_ID,NODE_TYPE,PROJECT_ID)values(24,'E024',6,8,3,-1);
insert into T_NODE(NODE_ID,NODE_NAME,PARENT_ID,GATE_ID,NODE_TYPE,PROJECT_ID)values(25,'E025',10,9,3,-1);
insert into T_NODE(NODE_ID,NODE_NAME,PARENT_ID,GATE_ID,NODE_TYPE,PROJECT_ID)values(26,'E026',10,9,3,-1);
insert into T_NODE(NODE_ID,NODE_NAME,PARENT_ID,GATE_ID,NODE_TYPE,PROJECT_ID)values(27,'E027',14,10,3,-1);
insert into T_NODE(NODE_ID,NODE_NAME,PARENT_ID,GATE_ID,NODE_TYPE,PROJECT_ID)values(28,'E028',14,10,3,-1);
insert into T_NODE(NODE_ID,NODE_NAME,PARENT_ID,GATE_ID,NODE_TYPE,PROJECT_ID)values(29,'E029',14,11,3,-1);
insert into T_NODE(NODE_ID,NODE_NAME,PARENT_ID,GATE_ID,NODE_TYPE,PROJECT_ID)values(30,'E030',14,11,3,-1);
insert into T_NODE(NODE_ID,NODE_NAME,PARENT_ID,GATE_ID,NODE_TYPE,PROJECT_ID)values(31,'E031',18,12,3,-1);
insert into T_NODE(NODE_ID,NODE_NAME,PARENT_ID,GATE_ID,NODE_TYPE,PROJECT_ID)values(32,'E032',18,12,3,-1);
insert into T_NODE(NODE_ID,NODE_NAME,PARENT_ID,GATE_ID,NODE_TYPE,PROJECT_ID)values(33,'E033',18,13,3,-1);
insert into T_NODE(NODE_ID,NODE_NAME,PARENT_ID,GATE_ID,NODE_TYPE,PROJECT_ID)values(34,'E034',18,13,3,-1);

select * from T_NODE;
select * from T_GATE;
select * from T_NODE_TYPE_DIC;
select * from T_GATE_TYPE_DIC;
